id,name,ingredients,instructions,calories,protein,carbs,fats,cuisine,cooking_time,difficulty,image
1,Greek Yogurt Parfait,"greek yogurt, granola, strawberries","Layer yogurt, granola, and fruit in a glass.",453,35,37,30,International,57,Easy,https://example.com/images/recipe_1.jpg
2,Paneer Butter Masala,"paneer, tomato, butter, cream, onion","Heat oil. Add onions, tomatoes, and spices. Mix in paneer.",329,20,24,5,Indian,31,Easy,https://example.com/images/recipe_2.jpg
3,Stuffed Paratha,"whole wheat flour, potatoes/cauliflower, spices",Stuff dough with spiced filling and griddle with ghee.,214,18,22,5,Indian,17,Easy,https://example.com/images/recipe_3.jpg
4,Greek Yogurt Parfait,"greek yogurt, granola, strawberries","Layer yogurt, granola, and fruit in a glass.",343,18,47,35,International,29,Medium,https://example.com/images/recipe_4.jpg
5,Vegetable Tacos,"corn tortillas, black beans, corn, avocado","Warm tortillas and fill with beans, corn, and toppings.",502,23,66,24,International,18,Easy,https://example.com/images/recipe_5.jpg
6,Dhokla,"gram flour, lemon, mustard seeds",Steam fermented batter and temper with mustard seeds.,120,10,24,12,Indian,27,Hard,https://example.com/images/recipe_6.jpg
7,Lentil Soup (Dal),"yellow lentils, turmeric, cumin, garlic","Boil lentils with turmeric, temper with spices in oil.",487,55,26,21,Indian,19,Easy,https://example.com/images/recipe_7.jpg
8,Idli Sambhar,"rice, urad dal, lentils, tamarind, spices",Steam fermented batter and serve with lentil stew.,569,51,20,28,Indian,16,Easy,https://example.com/images/recipe_8.jpg
9,Palak Paneer,"spinach, paneer, garlic, cream","Blanch spinach, puree, and cook with paneer cubes.",593,56,36,24,Indian,17,Easy,https://example.com/images/recipe_9.jpg
10,Chicken Tikka Masala,"chicken, yogurt, tomato, garam masala","Marinate chicken, grill, and simmer in tomato gravy.",274,21,10,5,Indian,42,Medium,https://example.com/images/recipe_10.jpg
11,Idli Sambhar,"rice, urad dal, lentils, tamarind, spices",Steam fermented batter and serve with lentil stew.,319,21,68,17,Indian,40,Hard,https://example.com/images/recipe_11.jpg
12,Oatmeal with Berries,"oats, milk, blueberries, honey","Boil oats in milk, top with berries and honey.",543,49,39,28,International,27,Medium,https://example.com/images/recipe_12.jpg
13,Stuffed Paratha,"whole wheat flour, potatoes/cauliflower, spices",Stuff dough with spiced filling and griddle with ghee.,538,21,50,18,Indian,17,Easy,https://example.com/images/recipe_13.jpg
14,Greek Yogurt Parfait,"greek yogurt, granola, strawberries","Layer yogurt, granola, and fruit in a glass.",585,31,65,35,International,58,Medium,https://example.com/images/recipe_14.jpg
15,Avocado Toast,"bread, avocado, lemon juice, chili flakes","Toast bread, mash avocado with lemon, spread on toast.",506,31,68,23,International,12,Easy,https://example.com/images/recipe_15.jpg
16,Quinoa Salad,"quinoa, cucumber, bell pepper, lemon, olive oil",Cook quinoa and toss with chopped vegetables and dressing.,581,38,20,21,International,36,Hard,https://example.com/images/recipe_16.jpg
17,Paneer Butter Masala,"paneer, tomato, butter, cream, onion","Heat oil. Add onions, tomatoes, and spices. Mix in paneer.",582,45,39,15,Indian,49,Medium,https://example.com/images/recipe_17.jpg
18,Avocado Toast,"bread, avocado, lemon juice, chili flakes","Toast bread, mash avocado with lemon, spread on toast.",585,38,18,21,International,37,Easy,https://example.com/images/recipe_18.jpg
19,Samosa,"flour, potatoes, peas, spices","Fold pastry into triangles, fill, and deep fry.",235,10,23,8,Indian,27,Easy,https://example.com/images/recipe_19.jpg
20,Idli Sambhar,"rice, urad dal, lentils, tamarind, spices",Steam fermented batter and serve with lentil stew.,598,20,35,27,Indian,57,Medium,https://example.com/images/recipe_20.jpg
21,Hummus and Carrot Sticks,"chickpeas, tahini, lemon, carrots",Blend chickpeas with tahini and serve with carrots.,113,4,28,9,International,48,Hard,https://example.com/images/recipe_21.jpg
22,Upma,"semolina, mustard seeds, vegetables, water","Roast semolina, sauté veggies, add water and cook until thick.",583,34,31,24,Indian,18,Easy,https://example.com/images/recipe_22.jpg
23,Greek Yogurt Parfait,"greek yogurt, granola, strawberries","Layer yogurt, granola, and fruit in a glass.",675,26,41,37,International,23,Medium,https://example.com/images/recipe_23.jpg
24,Pancakes,"flour, milk, eggs, baking powder, syrup",Mix batter and cook circles on a griddle until bubbly.,593,34,48,24,International,21,Hard,https://example.com/images/recipe_24.jpg
25,Hummus and Carrot Sticks,"chickpeas, tahini, lemon, carrots",Blend chickpeas with tahini and serve with carrots.,178,6,20,11,International,25,Easy,https://example.com/images/recipe_25.jpg
26,Upma,"semolina, mustard seeds, vegetables, water","Roast semolina, sauté veggies, add water and cook until thick.",328,15,23,9,Indian,56,Medium,https://example.com/images/recipe_26.jpg
27,Idli Sambhar,"rice, urad dal, lentils, tamarind, spices",Steam fermented batter and serve with lentil stew.,504,31,34,17,Indian,48,Easy,https://example.com/images/recipe_27.jpg
28,Chia Pudding,"chia seeds, almond milk, vanilla extract",Mix ingredients and refrigerate overnight.,443,39,31,17,International,48,Hard,https://example.com/images/recipe_28.jpg
29,Stuffed Paratha,"whole wheat flour, potatoes/cauliflower, spices",Stuff dough with spiced filling and griddle with ghee.,580,30,57,25,Indian,14,Easy,https://example.com/images/recipe_29.jpg
30,Oatmeal with Berries,"oats, milk, blueberries, honey","Boil oats in milk, top with berries and honey.",352,29,63,27,International,20,Hard,https://example.com/images/recipe_30.jpg
31,Bruschetta,"baguette, tomatoes, garlic, basil",Toast bread and top with chopped tomato mixture.,186,8,29,6,International,36,Easy,https://example.com/images/recipe_31.jpg
32,Idli Sambhar,"rice, urad dal, lentils, tamarind, spices",Steam fermented batter and serve with lentil stew.,562,23,65,16,Indian,17,Easy,https://example.com/images/recipe_32.jpg
33,Oatmeal with Berries,"oats, milk, blueberries, honey","Boil oats in milk, top with berries and honey.",337,31,31,36,International,13,Easy,https://example.com/images/recipe_33.jpg
34,Stuffed Paratha,"whole wheat flour, potatoes/cauliflower, spices",Stuff dough with spiced filling and griddle with ghee.,465,44,23,16,Indian,50,Easy,https://example.com/images/recipe_34.jpg
35,Beef Stir-Fry,"beef strips, broccoli, soy sauce, ginger",Flash fry beef and veggies in a hot wok with sauce.,235,10,28,8,International,45,Hard,https://example.com/images/recipe_35.jpg
36,Bhel Puri,"puffed rice, tamarind chutney, onions",Mix all ingredients together and serve immediately.,112,6,18,9,Indian,37,Medium,https://example.com/images/recipe_36.jpg
37,Avocado Toast,"bread, avocado, lemon juice, chili flakes","Toast bread, mash avocado with lemon, spread on toast.",500,35,54,29,International,42,Medium,https://example.com/images/recipe_37.jpg
38,Masala Omelette,"eggs, onions, green chili, coriander","Whisk eggs with veggies, cook on a hot pan with oil.",283,13,15,7,Indian,58,Easy,https://example.com/images/recipe_38.jpg
39,Bruschetta,"baguette, tomatoes, garlic, basil",Toast bread and top with chopped tomato mixture.,104,8,17,9,International,40,Easy,https://example.com/images/recipe_39.jpg
40,Greek Yogurt Parfait,"greek yogurt, granola, strawberries","Layer yogurt, granola, and fruit in a glass.",578,39,39,22,International,46,Hard,https://example.com/images/recipe_40.jpg
41,Vegetable Tacos,"corn tortillas, black beans, corn, avocado","Warm tortillas and fill with beans, corn, and toppings.",485,24,60,31,International,11,Easy,https://example.com/images/recipe_41.jpg
42,Butter Chicken,"chicken, butter, cream, tomato puree","Cook chicken in a rich, creamy tomato-based sauce.",497,42,10,16,Indian,16,Easy,https://example.com/images/recipe_42.jpg
43,Idli Sambhar,"rice, urad dal, lentils, tamarind, spices",Steam fermented batter and serve with lentil stew.,420,24,47,25,Indian,34,Easy,https://example.com/images/recipe_43.jpg
44,Greek Yogurt Parfait,"greek yogurt, granola, strawberries","Layer yogurt, granola, and fruit in a glass.",475,19,59,33,International,33,Easy,https://example.com/images/recipe_44.jpg
45,Paneer Butter Masala,"paneer, tomato, butter, cream, onion","Heat oil. Add onions, tomatoes, and spices. Mix in paneer.",699,24,42,26,Indian,22,Hard,https://example.com/images/recipe_45.jpg
46,Idli Sambhar,"rice, urad dal, lentils, tamarind, spices",Steam fermented batter and serve with lentil stew.,490,18,49,22,Indian,15,Easy,https://example.com/images/recipe_46.jpg
47,Lentil Soup (Dal),"yellow lentils, turmeric, cumin, garlic","Boil lentils with turmeric, temper with spices in oil.",339,24,14,8,Indian,46,Medium,https://example.com/images/recipe_47.jpg
48,Greek Yogurt Parfait,"greek yogurt, granola, strawberries","Layer yogurt, granola, and fruit in a glass.",597,16,34,30,International,54,Easy,https://example.com/images/recipe_48.jpg
49,Chickpea Curry,"chickpeas, onion, garlic, ginger, tomatoes","Sauté aromatics, add spices and chickpeas, simmer until thick.",419,25,64,37,Indian,11,Easy,https://example.com/images/recipe_49.jpg
50,Butter Chicken,"chicken, butter, cream, tomato puree","Cook chicken in a rich, creamy tomato-based sauce.",283,16,20,11,Indian,51,Medium,https://example.com/images/recipe_50.jpg
51,Poha Type 5 Variation 51,"flattened rice, onions, peanuts, curry leaves, turmeric","Sauté onions and spices, add soaked flattened rice and mix.",356,29,42,25,Indian,46,Medium,https://example.com/images/recipe_51.jpg
52,Butter Chicken Type 5 Variation 52,"chicken, butter, cream, tomato puree","Cook chicken in a rich, creamy tomato-based sauce.",326,19,62,25,Indian,24,Hard,https://example.com/images/recipe_52.jpg
53,Masala Omelette Type 5 Variation 53,"eggs, onions, green chili, coriander","Whisk eggs with veggies, cook on a hot pan with oil.",559,57,11,25,Indian,30,Hard,https://example.com/images/recipe_53.jpg
54,Chicken Tikka Masala Type 5 Variation 54,"chicken, yogurt, tomato, garam masala","Marinate chicken, grill, and simmer in tomato gravy.",553,36,32,20,Indian,26,Hard,https://example.com/images/recipe_54.jpg
55,Palak Paneer Type 5 Variation 55,"spinach, paneer, garlic, cream","Blanch spinach, puree, and cook with paneer cubes.",151,24,17,5,Indian,37,Medium,https://example.com/images/recipe_55.jpg
56,Vegetable Tacos Type 5 Variation 56,"corn tortillas, black beans, corn, avocado","Warm tortillas and fill with beans, corn, and toppings.",631,31,67,33,International,41,Hard,https://example.com/images/recipe_56.jpg
57,Greek Yogurt Parfait Type 5 Variation 57,"greek yogurt, granola, strawberries","Layer yogurt, granola, and fruit in a glass.",531,37,37,21,International,24,Medium,https://example.com/images/recipe_57.jpg
58,Stuffed Paratha Type 5 Variation 58,"whole wheat flour, potatoes/cauliflower, spices",Stuff dough with spiced filling and griddle with ghee.,218,20,30,11,Indian,32,Hard,https://example.com/images/recipe_58.jpg
59,Chia Pudding Type 5 Variation 59,"chia seeds, almond milk, vanilla extract",Mix ingredients and refrigerate overnight.,187,17,27,10,International,49,Hard,https://example.com/images/recipe_59.jpg
60,Stuffed Paratha Type 6 Variation 60,"whole wheat flour, potatoes/cauliflower, spices",Stuff dough with spiced filling and griddle with ghee.,347,14,15,6,Indian,52,Medium,https://example.com/images/recipe_60.jpg
61,Stuffed Paratha Type 6 Variation 61,"whole wheat flour, potatoes/cauliflower, spices",Stuff dough with spiced filling and griddle with ghee.,328,25,24,12,Indian,60,Easy,https://example.com/images/recipe_61.jpg
62,Paneer Butter Masala Type 6 Variation 62,"paneer, tomato, butter, cream, onion","Heat oil. Add onions, tomatoes, and spices. Mix in paneer.",439,36,34,23,Indian,56,Medium,https://example.com/images/recipe_62.jpg
63,Guacamole and Chips Type 6 Variation 63,"avocados, onion, lime, tortilla chips",Mash avocado and serve with corn chips.,219,10,15,11,International,16,Easy,https://example.com/images/recipe_63.jpg
64,Chicken Tikka Masala Type 6 Variation 64,"chicken, yogurt, tomato, garam masala","Marinate chicken, grill, and simmer in tomato gravy.",186,11,12,6,Indian,37,Hard,https://example.com/images/recipe_64.jpg
65,Masala Omelette Type 6 Variation 65,"eggs, onions, green chili, coriander","Whisk eggs with veggies, cook on a hot pan with oil.",672,29,32,18,Indian,44,Medium,https://example.com/images/recipe_65.jpg
66,Chickpea Curry Type 6 Variation 66,"chickpeas, onion, garlic, ginger, tomatoes","Sauté aromatics, add spices and chickpeas, simmer until thick.",622,26,56,16,Indian,36,Hard,https://example.com/images/recipe_66.jpg
67,Masala Omelette Type 6 Variation 67,"eggs, onions, green chili, coriander","Whisk eggs with veggies, cook on a hot pan with oil.",674,21,39,35,Indian,44,Easy,https://example.com/images/recipe_67.jpg
68,Paneer Butter Masala Type 6 Variation 68,"paneer, tomato, butter, cream, onion","Heat oil. Add onions, tomatoes, and spices. Mix in paneer.",219,23,17,9,Indian,34,Easy,https://example.com/images/recipe_68.jpg
69,Chickpea Curry Type 6 Variation 69,"chickpeas, onion, garlic, ginger, tomatoes","Sauté aromatics, add spices and chickpeas, simmer until thick.",582,40,16,18,Indian,45,Medium,https://example.com/images/recipe_69.jpg
70,Hummus and Carrot Sticks Type 7 Variation 70,"chickpeas, tahini, lemon, carrots",Blend chickpeas with tahini and serve with carrots.,135,7,18,11,International,49,Medium,https://example.com/images/recipe_70.jpg
71,Bhel Puri Type 7 Variation 71,"puffed rice, tamarind chutney, onions",Mix all ingredients together and serve immediately.,228,5,23,11,Indian,24,Medium,https://example.com/images/recipe_71.jpg
72,Pancakes Type 7 Variation 72,"flour, milk, eggs, baking powder, syrup",Mix batter and cook circles on a griddle until bubbly.,558,50,12,19,International,43,Medium,https://example.com/images/recipe_72.jpg
73,Idli Sambhar Type 7 Variation 73,"rice, urad dal, lentils, tamarind, spices",Steam fermented batter and serve with lentil stew.,438,49,17,16,Indian,49,Hard,https://example.com/images/recipe_73.jpg
74,Vegetable Tacos Type 7 Variation 74,"corn tortillas, black beans, corn, avocado","Warm tortillas and fill with beans, corn, and toppings.",636,20,64,21,International,44,Hard,https://example.com/images/recipe_74.jpg
75,Avocado Toast Type 7 Variation 75,"bread, avocado, lemon juice, chili flakes","Toast bread, mash avocado with lemon, spread on toast.",434,24,62,31,International,16,Easy,https://example.com/images/recipe_75.jpg
76,Chicken Tikka Masala Type 7 Variation 76,"chicken, yogurt, tomato, garam masala","Marinate chicken, grill, and simmer in tomato gravy.",231,25,24,10,Indian,51,Easy,https://example.com/images/recipe_76.jpg
77,Guacamole and Chips Type 7 Variation 77,"avocados, onion, lime, tortilla chips",Mash avocado and serve with corn chips.,225,9,21,6,International,46,Hard,https://example.com/images/recipe_77.jpg
78,Stuffed Paratha Type 7 Variation 78,"whole wheat flour, potatoes/cauliflower, spices",Stuff dough with spiced filling and griddle with ghee.,310,18,51,23,Indian,11,Easy,https://example.com/images/recipe_78.jpg
79,Pancakes Type 7 Variation 79,"flour, milk, eggs, baking powder, syrup",Mix batter and cook circles on a griddle until bubbly.,569,37,20,30,International,40,Medium,https://example.com/images/recipe_79.jpg
80,Stuffed Paratha Type 8 Variation 80,"whole wheat flour, potatoes/cauliflower, spices",Stuff dough with spiced filling and griddle with ghee.,543,49,32,19,Indian,36,Easy,https://example.com/images/recipe_80.jpg
81,Stuffed Paratha Type 8 Variation 81,"whole wheat flour, potatoes/cauliflower, spices",Stuff dough with spiced filling and griddle with ghee.,305,23,27,12,Indian,19,Easy,https://example.com/images/recipe_81.jpg
82,Vegetable Tacos Type 8 Variation 82,"corn tortillas, black beans, corn, avocado","Warm tortillas and fill with beans, corn, and toppings.",292,16,13,5,International,24,Easy,https://example.com/images/recipe_82.jpg
83,Pancakes Type 8 Variation 83,"flour, milk, eggs, baking powder, syrup",Mix batter and cook circles on a griddle until bubbly.,430,23,50,26,International,31,Easy,https://example.com/images/recipe_83.jpg
84,Hummus and Carrot Sticks Type 8 Variation 84,"chickpeas, tahini, lemon, carrots",Blend chickpeas with tahini and serve with carrots.,163,3,16,15,International,49,Medium,https://example.com/images/recipe_84.jpg
85,Stuffed Paratha Type 8 Variation 85,"whole wheat flour, potatoes/cauliflower, spices",Stuff dough with spiced filling and griddle with ghee.,468,22,42,15,Indian,23,Hard,https://example.com/images/recipe_85.jpg
86,Bruschetta Type 8 Variation 86,"baguette, tomatoes, garlic, basil",Toast bread and top with chopped tomato mixture.,172,3,20,7,International,43,Hard,https://example.com/images/recipe_86.jpg
87,Chia Pudding Type 8 Variation 87,"chia seeds, almond milk, vanilla extract",Mix ingredients and refrigerate overnight.,502,32,34,24,International,35,Hard,https://example.com/images/recipe_87.jpg
88,Upma Type 8 Variation 88,"semolina, mustard seeds, vegetables, water","Roast semolina, sauté veggies, add water and cook until thick.",324,33,59,20,Indian,34,Easy,https://example.com/images/recipe_88.jpg
89,Greek Yogurt Parfait Type 8 Variation 89,"greek yogurt, granola, strawberries","Layer yogurt, granola, and fruit in a glass.",322,28,36,36,International,28,Easy,https://example.com/images/recipe_89.jpg
90,Spaghetti Carbonara Type 9 Variation 90,"pasta, eggs, guanciale, pecorino cheese",Boil pasta. Mix egg and cheese. Toss with hot pasta and meat.,198,21,13,7,International,21,Hard,https://example.com/images/recipe_90.jpg
91,Palak Paneer Type 9 Variation 91,"spinach, paneer, garlic, cream","Blanch spinach, puree, and cook with paneer cubes.",460,23,66,18,Indian,22,Hard,https://example.com/images/recipe_91.jpg
92,Lentil Soup (Dal) Type 9 Variation 92,"yellow lentils, turmeric, cumin, garlic","Boil lentils with turmeric, temper with spices in oil.",488,51,33,16,Indian,25,Hard,https://example.com/images/recipe_92.jpg
93,Stuffed Paratha Type 9 Variation 93,"whole wheat flour, potatoes/cauliflower, spices",Stuff dough with spiced filling and griddle with ghee.,595,26,44,36,Indian,37,Hard,https://example.com/images/recipe_93.jpg
94,Oatmeal with Berries Type 9 Variation 94,"oats, milk, blueberries, honey","Boil oats in milk, top with berries and honey.",354,17,51,24,International,58,Medium,https://example.com/images/recipe_94.jpg
95,Butter Chicken Type 9 Variation 95,"chicken, butter, cream, tomato puree","Cook chicken in a rich, creamy tomato-based sauce.",476,17,39,30,Indian,12,Easy,https://example.com/images/recipe_95.jpg
96,Guacamole and Chips Type 9 Variation 96,"avocados, onion, lime, tortilla chips",Mash avocado and serve with corn chips.,218,2,27,10,International,35,Easy,https://example.com/images/recipe_96.jpg
97,Stuffed Paratha Type 9 Variation 97,"whole wheat flour, potatoes/cauliflower, spices",Stuff dough with spiced filling and griddle with ghee.,692,17,32,19,Indian,15,Easy,https://example.com/images/recipe_97.jpg
98,Oatmeal with Berries Type 9 Variation 98,"oats, milk, blueberries, honey","Boil oats in milk, top with berries and honey.",583,51,20,30,International,49,Medium,https://example.com/images/recipe_98.jpg
99,Guacamole and Chips Type 9 Variation 99,"avocados, onion, lime, tortilla chips",Mash avocado and serve with corn chips.,168,5,23,15,International,38,Easy,https://example.com/images/recipe_99.jpg
100,Palak Paneer Type 10 Variation 100,"spinach, paneer, garlic, cream","Blanch spinach, puree, and cook with paneer cubes.",631,23,52,37,Indian,12,Easy,https://example.com/images/recipe_100.jpg
101,Lentil Soup (Dal) Type 10 Variation 101,"yellow lentils, turmeric, cumin, garlic","Boil lentils with turmeric, temper with spices in oil.",380,21,62,31,Indian,25,Easy,https://example.com/images/recipe_101.jpg
102,Upma Type 10 Variation 102,"semolina, mustard seeds, vegetables, water","Roast semolina, sauté veggies, add water and cook until thick.",447,51,10,20,Indian,58,Easy,https://example.com/images/recipe_102.jpg
103,Pancakes Type 10 Variation 103,"flour, milk, eggs, baking powder, syrup",Mix batter and cook circles on a griddle until bubbly.,522,58,35,25,International,15,Easy,https://example.com/images/recipe_103.jpg
104,Idli Sambhar Type 10 Variation 104,"rice, urad dal, lentils, tamarind, spices",Steam fermented batter and serve with lentil stew.,439,18,38,15,Indian,57,Easy,https://example.com/images/recipe_104.jpg
105,Avocado Toast Type 10 Variation 105,"bread, avocado, lemon juice, chili flakes","Toast bread, mash avocado with lemon, spread on toast.",554,25,63,39,International,17,Easy,https://example.com/images/recipe_105.jpg
106,Idli Sambhar Type 10 Variation 106,"rice, urad dal, lentils, tamarind, spices",Steam fermented batter and serve with lentil stew.,319,26,45,20,Indian,55,Hard,https://example.com/images/recipe_106.jpg
107,Paneer Butter Masala Type 10 Variation 107,"paneer, tomato, butter, cream, onion","Heat oil. Add onions, tomatoes, and spices. Mix in paneer.",431,17,48,36,Indian,46,Hard,https://example.com/images/recipe_107.jpg
108,Pancakes Type 10 Variation 108,"flour, milk, eggs, baking powder, syrup",Mix batter and cook circles on a griddle until bubbly.,526,16,35,32,International,15,Easy,https://example.com/images/recipe_108.jpg
109,Quinoa Salad Type 10 Variation 109,"quinoa, cucumber, bell pepper, lemon, olive oil",Cook quinoa and toss with chopped vegetables and dressing.,360,22,55,28,International,35,Medium,https://example.com/images/recipe_109.jpg
110,Chia Pudding Type 11 Variation 110,"chia seeds, almond milk, vanilla extract",Mix ingredients and refrigerate overnight.,310,25,39,17,International,45,Medium,https://example.com/images/recipe_110.jpg
111,Bhel Puri Type 11 Variation 111,"puffed rice, tamarind chutney, onions",Mix all ingredients together and serve immediately.,247,6,20,5,Indian,36,Easy,https://example.com/images/recipe_111.jpg
112,Bhel Puri Type 11 Variation 112,"puffed rice, tamarind chutney, onions",Mix all ingredients together and serve immediately.,243,4,27,14,Indian,48,Easy,https://example.com/images/recipe_112.jpg
113,Chickpea Curry Type 11 Variation 113,"chickpeas, onion, garlic, ginger, tomatoes","Sauté aromatics, add spices and chickpeas, simmer until thick.",280,20,11,10,Indian,59,Easy,https://example.com/images/recipe_113.jpg
114,Chia Pudding Type 11 Variation 114,"chia seeds, almond milk, vanilla extract",Mix ingredients and refrigerate overnight.,338,25,25,10,International,41,Hard,https://example.com/images/recipe_114.jpg
115,Avocado Toast Type 11 Variation 115,"bread, avocado, lemon juice, chili flakes","Toast bread, mash avocado with lemon, spread on toast.",666,28,68,29,International,14,Easy,https://example.com/images/recipe_115.jpg
116,Stuffed Paratha Type 11 Variation 116,"whole wheat flour, potatoes/cauliflower, spices",Stuff dough with spiced filling and griddle with ghee.,325,23,58,19,Indian,45,Hard,https://example.com/images/recipe_116.jpg
117,Vegetable Tacos Type 11 Variation 117,"corn tortillas, black beans, corn, avocado","Warm tortillas and fill with beans, corn, and toppings.",530,51,18,22,International,35,Easy,https://example.com/images/recipe_117.jpg
118,Idli Sambhar Type 11 Variation 118,"rice, urad dal, lentils, tamarind, spices",Steam fermented batter and serve with lentil stew.,231,23,28,5,Indian,19,Easy,https://example.com/images/recipe_118.jpg
119,Pancakes Type 11 Variation 119,"flour, milk, eggs, baking powder, syrup",Mix batter and cook circles on a griddle until bubbly.,407,38,26,25,International,23,Easy,https://example.com/images/recipe_119.jpg
120,Quinoa Salad Type 12 Variation 120,"quinoa, cucumber, bell pepper, lemon, olive oil",Cook quinoa and toss with chopped vegetables and dressing.,450,33,46,17,International,18,Easy,https://example.com/images/recipe_120.jpg
121,Paneer Butter Masala Type 12 Variation 121,"paneer, tomato, butter, cream, onion","Heat oil. Add onions, tomatoes, and spices. Mix in paneer.",600,40,22,22,Indian,46,Hard,https://example.com/images/recipe_121.jpg
122,Pancakes Type 12 Variation 122,"flour, milk, eggs, baking powder, syrup",Mix batter and cook circles on a griddle until bubbly.,277,12,15,9,International,33,Hard,https://example.com/images/recipe_122.jpg
123,Butter Chicken Type 12 Variation 123,"chicken, butter, cream, tomato puree","Cook chicken in a rich, creamy tomato-based sauce.",487,44,18,28,Indian,24,Medium,https://example.com/images/recipe_123.jpg
124,Samosa Type 12 Variation 124,"flour, potatoes, peas, spices","Fold pastry into triangles, fill, and deep fry.",113,7,30,7,Indian,56,Hard,https://example.com/images/recipe_124.jpg
125,Poha Type 12 Variation 125,"flattened rice, onions, peanuts, curry leaves, turmeric","Sauté onions and spices, add soaked flattened rice and mix.",497,15,61,16,Indian,55,Hard,https://example.com/images/recipe_125.jpg
126,Beef Stir-Fry Type 12 Variation 126,"beef strips, broccoli, soy sauce, ginger",Flash fry beef and veggies in a hot wok with sauce.,263,19,29,8,International,60,Easy,https://example.com/images/recipe_126.jpg
127,Greek Yogurt Parfait Type 12 Variation 127,"greek yogurt, granola, strawberries","Layer yogurt, granola, and fruit in a glass.",341,19,52,38,International,47,Hard,https://example.com/images/recipe_127.jpg
128,Bruschetta Type 12 Variation 128,"baguette, tomatoes, garlic, basil",Toast bread and top with chopped tomato mixture.,179,8,21,5,International,24,Medium,https://example.com/images/recipe_128.jpg
129,Pancakes Type 12 Variation 129,"flour, milk, eggs, baking powder, syrup",Mix batter and cook circles on a griddle until bubbly.,425,32,64,27,International,16,Easy,https://example.com/images/recipe_129.jpg
130,Upma Type 13 Variation 130,"semolina, mustard seeds, vegetables, water","Roast semolina, sauté veggies, add water and cook until thick.",317,15,14,5,Indian,33,Medium,https://example.com/images/recipe_130.jpg
131,Pancakes Type 13 Variation 131,"flour, milk, eggs, baking powder, syrup",Mix batter and cook circles on a griddle until bubbly.,639,21,59,40,International,16,Easy,https://example.com/images/recipe_131.jpg
132,Dhokla Type 13 Variation 132,"gram flour, lemon, mustard seeds",Steam fermented batter and temper with mustard seeds.,119,9,24,9,Indian,50,Medium,https://example.com/images/recipe_132.jpg
133,Idli Sambhar Type 13 Variation 133,"rice, urad dal, lentils, tamarind, spices",Steam fermented batter and serve with lentil stew.,486,23,60,24,Indian,20,Easy,https://example.com/images/recipe_133.jpg
134,Oatmeal with Berries Type 13 Variation 134,"oats, milk, blueberries, honey","Boil oats in milk, top with berries and honey.",571,31,65,17,International,22,Medium,https://example.com/images/recipe_134.jpg
135,Greek Yogurt Parfait Type 13 Variation 135,"greek yogurt, granola, strawberries","Layer yogurt, granola, and fruit in a glass.",527,52,22,25,International,22,Easy,https://example.com/images/recipe_135.jpg
136,Palak Paneer Type 13 Variation 136,"spinach, paneer, garlic, cream","Blanch spinach, puree, and cook with paneer cubes.",497,27,69,30,Indian,35,Easy,https://example.com/images/recipe_136.jpg
137,Upma Type 13 Variation 137,"semolina, mustard seeds, vegetables, water","Roast semolina, sauté veggies, add water and cook until thick.",429,25,39,36,Indian,59,Medium,https://example.com/images/recipe_137.jpg
138,Guacamole and Chips Type 13 Variation 138,"avocados, onion, lime, tortilla chips",Mash avocado and serve with corn chips.,248,8,24,9,International,32,Medium,https://example.com/images/recipe_138.jpg
139,Avocado Toast Type 13 Variation 139,"bread, avocado, lemon juice, chili flakes","Toast bread, mash avocado with lemon, spread on toast.",300,15,23,5,International,19,Easy,https://example.com/images/recipe_139.jpg
140,Oatmeal with Berries Type 14 Variation 140,"oats, milk, blueberries, honey","Boil oats in milk, top with berries and honey.",601,30,40,37,International,44,Easy,https://example.com/images/recipe_140.jpg
141,Spaghetti Carbonara Type 14 Variation 141,"pasta, eggs, guanciale, pecorino cheese",Boil pasta. Mix egg and cheese. Toss with hot pasta and meat.,513,57,33,28,International,58,Hard,https://example.com/images/recipe_141.jpg
142,Butter Chicken Type 14 Variation 142,"chicken, butter, cream, tomato puree","Cook chicken in a rich, creamy tomato-based sauce.",498,25,64,35,Indian,21,Easy,https://example.com/images/recipe_142.jpg
143,Hummus and Carrot Sticks Type 14 Variation 143,"chickpeas, tahini, lemon, carrots",Blend chickpeas with tahini and serve with carrots.,144,7,16,12,International,31,Medium,https://example.com/images/recipe_143.jpg
144,Chia Pudding Type 14 Variation 144,"chia seeds, almond milk, vanilla extract",Mix ingredients and refrigerate overnight.,651,26,51,38,International,12,Easy,https://example.com/images/recipe_144.jpg
145,Bhel Puri Type 14 Variation 145,"puffed rice, tamarind chutney, onions",Mix all ingredients together and serve immediately.,124,10,28,15,Indian,24,Hard,https://example.com/images/recipe_145.jpg
146,Oatmeal with Berries Type 14 Variation 146,"oats, milk, blueberries, honey","Boil oats in milk, top with berries and honey.",467,30,44,24,International,21,Easy,https://example.com/images/recipe_146.jpg
147,Beef Stir-Fry Type 14 Variation 147,"beef strips, broccoli, soy sauce, ginger",Flash fry beef and veggies in a hot wok with sauce.,272,15,17,7,International,37,Hard,https://example.com/images/recipe_147.jpg
148,Avocado Toast Type 14 Variation 148,"bread, avocado, lemon juice, chili flakes","Toast bread, mash avocado with lemon, spread on toast.",351,29,34,33,International,10,Easy,https://example.com/images/recipe_148.jpg
149,Upma Type 14 Variation 149,"semolina, mustard seeds, vegetables, water","Roast semolina, sauté veggies, add water and cook until thick.",576,17,53,22,Indian,25,Medium,https://example.com/images/recipe_149.jpg
150,Quinoa Salad Type 15 Variation 150,"quinoa, cucumber, bell pepper, lemon, olive oil",Cook quinoa and toss with chopped vegetables and dressing.,674,25,64,16,International,22,Hard,https://example.com/images/recipe_150.jpg
151,Dhokla Type 15 Variation 151,"gram flour, lemon, mustard seeds",Steam fermented batter and temper with mustard seeds.,153,5,23,13,Indian,21,Easy,https://example.com/images/recipe_151.jpg
152,Upma Type 15 Variation 152,"semolina, mustard seeds, vegetables, water","Roast semolina, sauté veggies, add water and cook until thick.",535,32,38,23,Indian,19,Easy,https://example.com/images/recipe_152.jpg
153,Masala Omelette Type 15 Variation 153,"eggs, onions, green chili, coriander","Whisk eggs with veggies, cook on a hot pan with oil.",583,27,41,21,Indian,43,Hard,https://example.com/images/recipe_153.jpg
154,Bruschetta Type 15 Variation 154,"baguette, tomatoes, garlic, basil",Toast bread and top with chopped tomato mixture.,121,10,17,7,International,34,Easy,https://example.com/images/recipe_154.jpg
155,Upma Type 15 Variation 155,"semolina, mustard seeds, vegetables, water","Roast semolina, sauté veggies, add water and cook until thick.",410,41,27,24,Indian,60,Medium,https://example.com/images/recipe_155.jpg
156,Stuffed Paratha Type 15 Variation 156,"whole wheat flour, potatoes/cauliflower, spices",Stuff dough with spiced filling and griddle with ghee.,625,21,47,17,Indian,48,Easy,https://example.com/images/recipe_156.jpg
157,Dhokla Type 15 Variation 157,"gram flour, lemon, mustard seeds",Steam fermented batter and temper with mustard seeds.,236,2,29,14,Indian,18,Easy,https://example.com/images/recipe_157.jpg
158,Poha Type 15 Variation 158,"flattened rice, onions, peanuts, curry leaves, turmeric","Sauté onions and spices, add soaked flattened rice and mix.",469,26,49,24,Indian,18,Easy,https://example.com/images/recipe_158.jpg
159,Poha Type 15 Variation 159,"flattened rice, onions, peanuts, curry leaves, turmeric","Sauté onions and spices, add soaked flattened rice and mix.",409,42,32,26,Indian,15,Easy,https://example.com/images/recipe_159.jpg
160,Oatmeal with Berries Type 16 Variation 160,"oats, milk, blueberries, honey","Boil oats in milk, top with berries and honey.",590,32,65,33,International,23,Easy,https://example.com/images/recipe_160.jpg
161,Masala Omelette Type 16 Variation 161,"eggs, onions, green chili, coriander","Whisk eggs with veggies, cook on a hot pan with oil.",399,29,32,19,Indian,21,Easy,https://example.com/images/recipe_161.jpg
162,Pancakes Type 16 Variation 162,"flour, milk, eggs, baking powder, syrup",Mix batter and cook circles on a griddle until bubbly.,310,10,18,7,International,21,Easy,https://example.com/images/recipe_162.jpg
163,Greek Yogurt Parfait Type 16 Variation 163,"greek yogurt, granola, strawberries","Layer yogurt, granola, and fruit in a glass.",655,24,43,28,International,50,Easy,https://example.com/images/recipe_163.jpg
164,Vegetable Tacos Type 16 Variation 164,"corn tortillas, black beans, corn, avocado","Warm tortillas and fill with beans, corn, and toppings.",481,24,67,33,International,21,Medium,https://example.com/images/recipe_164.jpg
165,Pancakes Type 16 Variation 165,"flour, milk, eggs, baking powder, syrup",Mix batter and cook circles on a griddle until bubbly.,522,36,29,23,International,53,Easy,https://example.com/images/recipe_165.jpg
166,Paneer Butter Masala Type 16 Variation 166,"paneer, tomato, butter, cream, onion","Heat oil. Add onions, tomatoes, and spices. Mix in paneer.",587,60,13,18,Indian,20,Easy,https://example.com/images/recipe_166.jpg
167,Greek Yogurt Parfait Type 16 Variation 167,"greek yogurt, granola, strawberries","Layer yogurt, granola, and fruit in a glass.",695,29,47,17,International,57,Hard,https://example.com/images/recipe_167.jpg
168,Lentil Soup (Dal) Type 16 Variation 168,"yellow lentils, turmeric, cumin, garlic","Boil lentils with turmeric, temper with spices in oil.",696,16,65,34,Indian,41,Hard,https://example.com/images/recipe_168.jpg
169,Pancakes Type 16 Variation 169,"flour, milk, eggs, baking powder, syrup",Mix batter and cook circles on a griddle until bubbly.,420,47,33,29,International,16,Easy,https://example.com/images/recipe_169.jpg
170,Quinoa Salad Type 17 Variation 170,"quinoa, cucumber, bell pepper, lemon, olive oil",Cook quinoa and toss with chopped vegetables and dressing.,183,22,13,12,International,27,Medium,https://example.com/images/recipe_170.jpg
171,Lentil Soup (Dal) Type 17 Variation 171,"yellow lentils, turmeric, cumin, garlic","Boil lentils with turmeric, temper with spices in oil.",519,41,22,25,Indian,36,Hard,https://example.com/images/recipe_171.jpg
172,Oatmeal with Berries Type 17 Variation 172,"oats, milk, blueberries, honey","Boil oats in milk, top with berries and honey.",514,37,26,25,International,43,Medium,https://example.com/images/recipe_172.jpg
173,Chia Pudding Type 17 Variation 173,"chia seeds, almond milk, vanilla extract",Mix ingredients and refrigerate overnight.,597,30,51,38,International,59,Hard,https://example.com/images/recipe_173.jpg
174,Masala Omelette Type 17 Variation 174,"eggs, onions, green chili, coriander","Whisk eggs with veggies, cook on a hot pan with oil.",300,20,35,33,Indian,30,Easy,https://example.com/images/recipe_174.jpg
175,Beef Stir-Fry Type 17 Variation 175,"beef strips, broccoli, soy sauce, ginger",Flash fry beef and veggies in a hot wok with sauce.,509,47,31,25,International,39,Hard,https://example.com/images/recipe_175.jpg
176,Chickpea Curry Type 17 Variation 176,"chickpeas, onion, garlic, ginger, tomatoes","Sauté aromatics, add spices and chickpeas, simmer until thick.",259,21,27,11,Indian,59,Medium,https://example.com/images/recipe_176.jpg
177,Poha Type 17 Variation 177,"flattened rice, onions, peanuts, curry leaves, turmeric","Sauté onions and spices, add soaked flattened rice and mix.",196,24,15,10,Indian,59,Medium,https://example.com/images/recipe_177.jpg
178,Vegetable Tacos Type 17 Variation 178,"corn tortillas, black beans, corn, avocado","Warm tortillas and fill with beans, corn, and toppings.",483,22,43,39,International,11,Easy,https://example.com/images/recipe_178.jpg
179,Hummus and Carrot Sticks Type 17 Variation 179,"chickpeas, tahini, lemon, carrots",Blend chickpeas with tahini and serve with carrots.,127,7,28,12,International,25,Easy,https://example.com/images/recipe_179.jpg
180,Spaghetti Carbonara Type 18 Variation 180,"pasta, eggs, guanciale, pecorino cheese",Boil pasta. Mix egg and cheese. Toss with hot pasta and meat.,623,15,36,17,International,34,Medium,https://example.com/images/recipe_180.jpg
181,Masala Omelette Type 18 Variation 181,"eggs, onions, green chili, coriander","Whisk eggs with veggies, cook on a hot pan with oil.",474,51,32,29,Indian,47,Hard,https://example.com/images/recipe_181.jpg
182,Quinoa Salad Type 18 Variation 182,"quinoa, cucumber, bell pepper, lemon, olive oil",Cook quinoa and toss with chopped vegetables and dressing.,521,28,44,24,International,15,Easy,https://example.com/images/recipe_182.jpg
183,Avocado Toast Type 18 Variation 183,"bread, avocado, lemon juice, chili flakes","Toast bread, mash avocado with lemon, spread on toast.",399,23,69,25,International,15,Easy,https://example.com/images/recipe_183.jpg
184,Avocado Toast Type 18 Variation 184,"bread, avocado, lemon juice, chili flakes","Toast bread, mash avocado with lemon, spread on toast.",270,24,29,8,International,31,Hard,https://example.com/images/recipe_184.jpg
185,Chickpea Curry Type 18 Variation 185,"chickpeas, onion, garlic, ginger, tomatoes","Sauté aromatics, add spices and chickpeas, simmer until thick.",565,21,57,18,Indian,17,Easy,https://example.com/images/recipe_185.jpg
186,Oatmeal with Berries Type 18 Variation 186,"oats, milk, blueberries, honey","Boil oats in milk, top with berries and honey.",634,35,34,16,International,17,Easy,https://example.com/images/recipe_186.jpg
187,Stuffed Paratha Type 18 Variation 187,"whole wheat flour, potatoes/cauliflower, spices",Stuff dough with spiced filling and griddle with ghee.,456,16,58,26,Indian,56,Medium,https://example.com/images/recipe_187.jpg
188,Oatmeal with Berries Type 18 Variation 188,"oats, milk, blueberries, honey","Boil oats in milk, top with berries and honey.",314,22,35,28,International,29,Hard,https://example.com/images/recipe_188.jpg
189,Spaghetti Carbonara Type 18 Variation 189,"pasta, eggs, guanciale, pecorino cheese",Boil pasta. Mix egg and cheese. Toss with hot pasta and meat.,310,13,25,11,International,34,Easy,https://example.com/images/recipe_189.jpg
190,Chickpea Curry Type 19 Variation 190,"chickpeas, onion, garlic, ginger, tomatoes","Sauté aromatics, add spices and chickpeas, simmer until thick.",304,18,66,16,Indian,28,Easy,https://example.com/images/recipe_190.jpg
191,Upma Type 19 Variation 191,"semolina, mustard seeds, vegetables, water","Roast semolina, sauté veggies, add water and cook until thick.",564,26,70,24,Indian,51,Medium,https://example.com/images/recipe_191.jpg
192,Lentil Soup (Dal) Type 19 Variation 192,"yellow lentils, turmeric, cumin, garlic","Boil lentils with turmeric, temper with spices in oil.",633,16,30,22,Indian,59,Hard,https://example.com/images/recipe_192.jpg
193,Chicken Tikka Masala Type 19 Variation 193,"chicken, yogurt, tomato, garam masala","Marinate chicken, grill, and simmer in tomato gravy.",314,19,25,11,Indian,22,Easy,https://example.com/images/recipe_193.jpg
194,Paneer Butter Masala Type 19 Variation 194,"paneer, tomato, butter, cream, onion","Heat oil. Add onions, tomatoes, and spices. Mix in paneer.",347,26,64,23,Indian,10,Easy,https://example.com/images/recipe_194.jpg
195,Hummus and Carrot Sticks Type 19 Variation 195,"chickpeas, tahini, lemon, carrots",Blend chickpeas with tahini and serve with carrots.,204,4,28,9,International,60,Easy,https://example.com/images/recipe_195.jpg
196,Upma Type 19 Variation 196,"semolina, mustard seeds, vegetables, water","Roast semolina, sauté veggies, add water and cook until thick.",616,31,63,21,Indian,28,Hard,https://example.com/images/recipe_196.jpg
197,Stuffed Paratha Type 19 Variation 197,"whole wheat flour, potatoes/cauliflower, spices",Stuff dough with spiced filling and griddle with ghee.,253,16,24,8,Indian,30,Hard,https://example.com/images/recipe_197.jpg
198,Masala Omelette Type 19 Variation 198,"eggs, onions, green chili, coriander","Whisk eggs with veggies, cook on a hot pan with oil.",674,22,63,16,Indian,16,Easy,https://example.com/images/recipe_198.jpg
199,Guacamole and Chips Type 19 Variation 199,"avocados, onion, lime, tortilla chips",Mash avocado and serve with corn chips.,159,5,22,15,International,41,Easy,https://example.com/images/recipe_199.jpg
200,Chicken Tikka Masala Type 20 Variation 200,"chicken, yogurt, tomato, garam masala","Marinate chicken, grill, and simmer in tomato gravy.",331,20,19,10,Indian,15,Easy,https://example.com/images/recipe_200.jpg
201,Oatmeal with Berries Type 20 Variation 201,"oats, milk, blueberries, honey","Boil oats in milk, top with berries and honey.",433,38,10,17,International,26,Easy,https://example.com/images/recipe_201.jpg
202,Avocado Toast Type 20 Variation 202,"bread, avocado, lemon juice, chili flakes","Toast bread, mash avocado with lemon, spread on toast.",582,23,68,21,International,59,Easy,https://example.com/images/recipe_202.jpg
203,Butter Chicken Type 20 Variation 203,"chicken, butter, cream, tomato puree","Cook chicken in a rich, creamy tomato-based sauce.",663,15,43,19,Indian,18,Easy,https://example.com/images/recipe_203.jpg
204,Chicken Tikka Masala Type 20 Variation 204,"chicken, yogurt, tomato, garam masala","Marinate chicken, grill, and simmer in tomato gravy.",494,57,39,17,Indian,19,Easy,https://example.com/images/recipe_204.jpg
205,Dhokla Type 20 Variation 205,"gram flour, lemon, mustard seeds",Steam fermented batter and temper with mustard seeds.,154,9,27,6,Indian,15,Easy,https://example.com/images/recipe_205.jpg
206,Upma Type 20 Variation 206,"semolina, mustard seeds, vegetables, water","Roast semolina, sauté veggies, add water and cook until thick.",191,19,24,9,Indian,58,Hard,https://example.com/images/recipe_206.jpg
207,Dhokla Type 20 Variation 207,"gram flour, lemon, mustard seeds",Steam fermented batter and temper with mustard seeds.,139,10,18,10,Indian,38,Easy,https://example.com/images/recipe_207.jpg
208,Bruschetta Type 20 Variation 208,"baguette, tomatoes, garlic, basil",Toast bread and top with chopped tomato mixture.,189,7,30,8,International,24,Hard,https://example.com/images/recipe_208.jpg
209,Samosa Type 20 Variation 209,"flour, potatoes, peas, spices","Fold pastry into triangles, fill, and deep fry.",242,3,26,9,Indian,60,Easy,https://example.com/images/recipe_209.jpg
210,Poha Type 21 Variation 210,"flattened rice, onions, peanuts, curry leaves, turmeric","Sauté onions and spices, add soaked flattened rice and mix.",402,33,49,39,Indian,27,Hard,https://example.com/images/recipe_210.jpg
211,Oatmeal with Berries Type 21 Variation 211,"oats, milk, blueberries, honey","Boil oats in milk, top with berries and honey.",406,34,63,29,International,20,Medium,https://example.com/images/recipe_211.jpg
212,Beef Stir-Fry Type 21 Variation 212,"beef strips, broccoli, soy sauce, ginger",Flash fry beef and veggies in a hot wok with sauce.,535,23,62,32,International,17,Easy,https://example.com/images/recipe_212.jpg
213,Chia Pudding Type 21 Variation 213,"chia seeds, almond milk, vanilla extract",Mix ingredients and refrigerate overnight.,625,16,48,40,International,15,Easy,https://example.com/images/recipe_213.jpg
214,Chickpea Curry Type 21 Variation 214,"chickpeas, onion, garlic, ginger, tomatoes","Sauté aromatics, add spices and chickpeas, simmer until thick.",662,23,53,25,Indian,18,Easy,https://example.com/images/recipe_214.jpg
215,Palak Paneer Type 21 Variation 215,"spinach, paneer, garlic, cream","Blanch spinach, puree, and cook with paneer cubes.",501,44,30,25,Indian,54,Easy,https://example.com/images/recipe_215.jpg
216,Poha Type 21 Variation 216,"flattened rice, onions, peanuts, curry leaves, turmeric","Sauté onions and spices, add soaked flattened rice and mix.",347,19,54,23,Indian,36,Medium,https://example.com/images/recipe_216.jpg
217,Greek Yogurt Parfait Type 21 Variation 217,"greek yogurt, granola, strawberries","Layer yogurt, granola, and fruit in a glass.",467,26,66,24,International,40,Medium,https://example.com/images/recipe_217.jpg
218,Palak Paneer Type 21 Variation 218,"spinach, paneer, garlic, cream","Blanch spinach, puree, and cook with paneer cubes.",617,17,69,34,Indian,15,Easy,https://example.com/images/recipe_218.jpg
219,Beef Stir-Fry Type 21 Variation 219,"beef strips, broccoli, soy sauce, ginger",Flash fry beef and veggies in a hot wok with sauce.,457,49,40,22,International,57,Hard,https://example.com/images/recipe_219.jpg
220,Upma Type 22 Variation 220,"semolina, mustard seeds, vegetables, water","Roast semolina, sauté veggies, add water and cook until thick.",310,28,37,29,Indian,48,Easy,https://example.com/images/recipe_220.jpg
221,Guacamole and Chips Type 22 Variation 221,"avocados, onion, lime, tortilla chips",Mash avocado and serve with corn chips.,105,7,16,9,International,27,Medium,https://example.com/images/recipe_221.jpg
222,Dhokla Type 22 Variation 222,"gram flour, lemon, mustard seeds",Steam fermented batter and temper with mustard seeds.,112,8,22,9,Indian,37,Hard,https://example.com/images/recipe_222.jpg
223,Masala Omelette Type 22 Variation 223,"eggs, onions, green chili, coriander","Whisk eggs with veggies, cook on a hot pan with oil.",582,35,60,24,Indian,60,Medium,https://example.com/images/recipe_223.jpg
224,Spaghetti Carbonara Type 22 Variation 224,"pasta, eggs, guanciale, pecorino cheese",Boil pasta. Mix egg and cheese. Toss with hot pasta and meat.,665,21,31,39,International,21,Medium,https://example.com/images/recipe_224.jpg
225,Greek Yogurt Parfait Type 22 Variation 225,"greek yogurt, granola, strawberries","Layer yogurt, granola, and fruit in a glass.",511,17,33,23,International,50,Hard,https://example.com/images/recipe_225.jpg
226,Pancakes Type 22 Variation 226,"flour, milk, eggs, baking powder, syrup",Mix batter and cook circles on a griddle until bubbly.,681,33,57,21,International,37,Hard,https://example.com/images/recipe_226.jpg
227,Poha Type 22 Variation 227,"flattened rice, onions, peanuts, curry leaves, turmeric","Sauté onions and spices, add soaked flattened rice and mix.",617,16,41,29,Indian,23,Hard,https://example.com/images/recipe_227.jpg
228,Vegetable Tacos Type 22 Variation 228,"corn tortillas, black beans, corn, avocado","Warm tortillas and fill with beans, corn, and toppings.",164,23,24,8,International,25,Medium,https://example.com/images/recipe_228.jpg
229,Dhokla Type 22 Variation 229,"gram flour, lemon, mustard seeds",Steam fermented batter and temper with mustard seeds.,189,6,28,9,Indian,24,Easy,https://example.com/images/recipe_229.jpg
230,Bruschetta Type 23 Variation 230,"baguette, tomatoes, garlic, basil",Toast bread and top with chopped tomato mixture.,158,8,27,14,International,47,Hard,https://example.com/images/recipe_230.jpg
231,Vegetable Tacos Type 23 Variation 231,"corn tortillas, black beans, corn, avocado","Warm tortillas and fill with beans, corn, and toppings.",411,15,67,21,International,47,Medium,https://example.com/images/recipe_231.jpg
232,Beef Stir-Fry Type 23 Variation 232,"beef strips, broccoli, soy sauce, ginger",Flash fry beef and veggies in a hot wok with sauce.,575,25,51,32,International,12,Easy,https://example.com/images/recipe_232.jpg
233,Beef Stir-Fry Type 23 Variation 233,"beef strips, broccoli, soy sauce, ginger",Flash fry beef and veggies in a hot wok with sauce.,228,25,25,10,International,59,Medium,https://example.com/images/recipe_233.jpg
234,Masala Omelette Type 23 Variation 234,"eggs, onions, green chili, coriander","Whisk eggs with veggies, cook on a hot pan with oil.",380,35,40,33,Indian,17,Easy,https://example.com/images/recipe_234.jpg
235,Samosa Type 23 Variation 235,"flour, potatoes, peas, spices","Fold pastry into triangles, fill, and deep fry.",161,6,23,10,Indian,16,Easy,https://example.com/images/recipe_235.jpg
236,Poha Type 23 Variation 236,"flattened rice, onions, peanuts, curry leaves, turmeric","Sauté onions and spices, add soaked flattened rice and mix.",572,32,38,30,Indian,40,Hard,https://example.com/images/recipe_236.jpg
237,Guacamole and Chips Type 23 Variation 237,"avocados, onion, lime, tortilla chips",Mash avocado and serve with corn chips.,155,5,18,13,International,59,Medium,https://example.com/images/recipe_237.jpg
238,Chia Pudding Type 23 Variation 238,"chia seeds, almond milk, vanilla extract",Mix ingredients and refrigerate overnight.,251,24,13,9,International,57,Easy,https://example.com/images/recipe_238.jpg
239,Beef Stir-Fry Type 23 Variation 239,"beef strips, broccoli, soy sauce, ginger",Flash fry beef and veggies in a hot wok with sauce.,514,53,13,18,International,24,Easy,https://example.com/images/recipe_239.jpg
240,Stuffed Paratha Type 24 Variation 240,"whole wheat flour, potatoes/cauliflower, spices",Stuff dough with spiced filling and griddle with ghee.,474,16,60,39,Indian,41,Easy,https://example.com/images/recipe_240.jpg
241,Lentil Soup (Dal) Type 24 Variation 241,"yellow lentils, turmeric, cumin, garlic","Boil lentils with turmeric, temper with spices in oil.",568,40,23,21,Indian,31,Easy,https://example.com/images/recipe_241.jpg
242,Greek Yogurt Parfait Type 24 Variation 242,"greek yogurt, granola, strawberries","Layer yogurt, granola, and fruit in a glass.",482,35,34,18,International,15,Easy,https://example.com/images/recipe_242.jpg
243,Masala Omelette Type 24 Variation 243,"eggs, onions, green chili, coriander","Whisk eggs with veggies, cook on a hot pan with oil.",618,19,58,25,Indian,35,Medium,https://example.com/images/recipe_243.jpg
244,Upma Type 24 Variation 244,"semolina, mustard seeds, vegetables, water","Roast semolina, sauté veggies, add water and cook until thick.",406,26,43,29,Indian,33,Hard,https://example.com/images/recipe_244.jpg
245,Hummus and Carrot Sticks Type 24 Variation 245,"chickpeas, tahini, lemon, carrots",Blend chickpeas with tahini and serve with carrots.,150,4,29,13,International,30,Hard,https://example.com/images/recipe_245.jpg
246,Pancakes Type 24 Variation 246,"flour, milk, eggs, baking powder, syrup",Mix batter and cook circles on a griddle until bubbly.,392,24,40,20,International,29,Hard,https://example.com/images/recipe_246.jpg
247,Palak Paneer Type 24 Variation 247,"spinach, paneer, garlic, cream","Blanch spinach, puree, and cook with paneer cubes.",404,35,39,21,Indian,21,Hard,https://example.com/images/recipe_247.jpg
248,Bhel Puri Type 24 Variation 248,"puffed rice, tamarind chutney, onions",Mix all ingredients together and serve immediately.,192,9,16,11,Indian,57,Hard,https://example.com/images/recipe_248.jpg
249,Avocado Toast Type 24 Variation 249,"bread, avocado, lemon juice, chili flakes","Toast bread, mash avocado with lemon, spread on toast.",599,36,26,18,International,36,Easy,https://example.com/images/recipe_249.jpg
250,Bhel Puri Type 25 Variation 250,"puffed rice, tamarind chutney, onions",Mix all ingredients together and serve immediately.,235,9,19,6,Indian,57,Hard,https://example.com/images/recipe_250.jpg
251,Pancakes Type 25 Variation 251,"flour, milk, eggs, baking powder, syrup",Mix batter and cook circles on a griddle until bubbly.,518,47,25,29,International,43,Easy,https://example.com/images/recipe_251.jpg
252,Quinoa Salad Type 25 Variation 252,"quinoa, cucumber, bell pepper, lemon, olive oil",Cook quinoa and toss with chopped vegetables and dressing.,454,25,56,39,International,15,Easy,https://example.com/images/recipe_252.jpg
253,Palak Paneer Type 25 Variation 253,"spinach, paneer, garlic, cream","Blanch spinach, puree, and cook with paneer cubes.",361,17,40,38,Indian,20,Medium,https://example.com/images/recipe_253.jpg
254,Hummus and Carrot Sticks Type 25 Variation 254,"chickpeas, tahini, lemon, carrots",Blend chickpeas with tahini and serve with carrots.,138,4,30,11,International,39,Hard,https://example.com/images/recipe_254.jpg
255,Stuffed Paratha Type 25 Variation 255,"whole wheat flour, potatoes/cauliflower, spices",Stuff dough with spiced filling and griddle with ghee.,596,23,34,15,Indian,22,Hard,https://example.com/images/recipe_255.jpg
256,Bruschetta Type 25 Variation 256,"baguette, tomatoes, garlic, basil",Toast bread and top with chopped tomato mixture.,104,5,25,15,International,22,Hard,https://example.com/images/recipe_256.jpg
257,Pancakes Type 25 Variation 257,"flour, milk, eggs, baking powder, syrup",Mix batter and cook circles on a griddle until bubbly.,154,17,21,5,International,25,Medium,https://example.com/images/recipe_257.jpg
258,Samosa Type 25 Variation 258,"flour, potatoes, peas, spices","Fold pastry into triangles, fill, and deep fry.",184,6,23,5,Indian,42,Easy,https://example.com/images/recipe_258.jpg
259,Upma Type 25 Variation 259,"semolina, mustard seeds, vegetables, water","Roast semolina, sauté veggies, add water and cook until thick.",479,32,34,32,Indian,16,Easy,https://example.com/images/recipe_259.jpg
260,Chicken Tikka Masala Type 26 Variation 260,"chicken, yogurt, tomato, garam masala","Marinate chicken, grill, and simmer in tomato gravy.",498,36,22,17,Indian,25,Medium,https://example.com/images/recipe_260.jpg
261,Masala Omelette Type 26 Variation 261,"eggs, onions, green chili, coriander","Whisk eggs with veggies, cook on a hot pan with oil.",345,19,57,15,Indian,46,Hard,https://example.com/images/recipe_261.jpg
262,Bruschetta Type 26 Variation 262,"baguette, tomatoes, garlic, basil",Toast bread and top with chopped tomato mixture.,168,6,24,13,International,21,Medium,https://example.com/images/recipe_262.jpg
263,Samosa Type 26 Variation 263,"flour, potatoes, peas, spices","Fold pastry into triangles, fill, and deep fry.",179,7,18,7,Indian,32,Easy,https://example.com/images/recipe_263.jpg
264,Vegetable Tacos Type 26 Variation 264,"corn tortillas, black beans, corn, avocado","Warm tortillas and fill with beans, corn, and toppings.",549,46,23,24,International,39,Hard,https://example.com/images/recipe_264.jpg
265,Palak Paneer Type 26 Variation 265,"spinach, paneer, garlic, cream","Blanch spinach, puree, and cook with paneer cubes.",495,58,12,17,Indian,24,Easy,https://example.com/images/recipe_265.jpg
266,Vegetable Tacos Type 26 Variation 266,"corn tortillas, black beans, corn, avocado","Warm tortillas and fill with beans, corn, and toppings.",316,30,38,25,International,24,Medium,https://example.com/images/recipe_266.jpg
267,Butter Chicken Type 26 Variation 267,"chicken, butter, cream, tomato puree","Cook chicken in a rich, creamy tomato-based sauce.",516,47,17,23,Indian,52,Easy,https://example.com/images/recipe_267.jpg
268,Chia Pudding Type 26 Variation 268,"chia seeds, almond milk, vanilla extract",Mix ingredients and refrigerate overnight.,507,21,45,23,International,14,Easy,https://example.com/images/recipe_268.jpg
269,Upma Type 26 Variation 269,"semolina, mustard seeds, vegetables, water","Roast semolina, sauté veggies, add water and cook until thick.",577,18,48,18,Indian,17,Easy,https://example.com/images/recipe_269.jpg
270,Vegetable Tacos Type 27 Variation 270,"corn tortillas, black beans, corn, avocado","Warm tortillas and fill with beans, corn, and toppings.",280,12,28,8,International,60,Easy,https://example.com/images/recipe_270.jpg
271,Beef Stir-Fry Type 27 Variation 271,"beef strips, broccoli, soy sauce, ginger",Flash fry beef and veggies in a hot wok with sauce.,202,24,18,8,International,27,Hard,https://example.com/images/recipe_271.jpg
272,Quinoa Salad Type 27 Variation 272,"quinoa, cucumber, bell pepper, lemon, olive oil",Cook quinoa and toss with chopped vegetables and dressing.,229,10,26,8,International,53,Hard,https://example.com/images/recipe_272.jpg
273,Idli Sambhar Type 27 Variation 273,"rice, urad dal, lentils, tamarind, spices",Steam fermented batter and serve with lentil stew.,585,31,68,32,Indian,30,Easy,https://example.com/images/recipe_273.jpg
274,Stuffed Paratha Type 27 Variation 274,"whole wheat flour, potatoes/cauliflower, spices",Stuff dough with spiced filling and griddle with ghee.,450,19,43,27,Indian,46,Easy,https://example.com/images/recipe_274.jpg
275,Greek Yogurt Parfait Type 27 Variation 275,"greek yogurt, granola, strawberries","Layer yogurt, granola, and fruit in a glass.",581,16,66,24,International,21,Easy,https://example.com/images/recipe_275.jpg
276,Dhokla Type 27 Variation 276,"gram flour, lemon, mustard seeds",Steam fermented batter and temper with mustard seeds.,239,9,18,14,Indian,20,Medium,https://example.com/images/recipe_276.jpg
277,Hummus and Carrot Sticks Type 27 Variation 277,"chickpeas, tahini, lemon, carrots",Blend chickpeas with tahini and serve with carrots.,211,4,27,7,International,28,Medium,https://example.com/images/recipe_277.jpg
278,Greek Yogurt Parfait Type 27 Variation 278,"greek yogurt, granola, strawberries","Layer yogurt, granola, and fruit in a glass.",422,39,10,26,International,56,Hard,https://example.com/images/recipe_278.jpg
279,Palak Paneer Type 27 Variation 279,"spinach, paneer, garlic, cream","Blanch spinach, puree, and cook with paneer cubes.",563,46,10,27,Indian,35,Medium,https://example.com/images/recipe_279.jpg
280,Pancakes Type 28 Variation 280,"flour, milk, eggs, baking powder, syrup",Mix batter and cook circles on a griddle until bubbly.,655,31,64,32,International,10,Easy,https://example.com/images/recipe_280.jpg
281,Chia Pudding Type 28 Variation 281,"chia seeds, almond milk, vanilla extract",Mix ingredients and refrigerate overnight.,409,16,42,21,International,35,Easy,https://example.com/images/recipe_281.jpg
282,Beef Stir-Fry Type 28 Variation 282,"beef strips, broccoli, soy sauce, ginger",Flash fry beef and veggies in a hot wok with sauce.,309,17,13,5,International,19,Easy,https://example.com/images/recipe_282.jpg
283,Chickpea Curry Type 28 Variation 283,"chickpeas, onion, garlic, ginger, tomatoes","Sauté aromatics, add spices and chickpeas, simmer until thick.",531,40,22,21,Indian,41,Hard,https://example.com/images/recipe_283.jpg
284,Lentil Soup (Dal) Type 28 Variation 284,"yellow lentils, turmeric, cumin, garlic","Boil lentils with turmeric, temper with spices in oil.",337,28,60,37,Indian,55,Hard,https://example.com/images/recipe_284.jpg
285,Chia Pudding Type 28 Variation 285,"chia seeds, almond milk, vanilla extract",Mix ingredients and refrigerate overnight.,457,30,61,28,International,43,Hard,https://example.com/images/recipe_285.jpg
286,Paneer Butter Masala Type 28 Variation 286,"paneer, tomato, butter, cream, onion","Heat oil. Add onions, tomatoes, and spices. Mix in paneer.",585,60,14,28,Indian,60,Medium,https://example.com/images/recipe_286.jpg
287,Stuffed Paratha Type 28 Variation 287,"whole wheat flour, potatoes/cauliflower, spices",Stuff dough with spiced filling and griddle with ghee.,585,39,12,26,Indian,54,Easy,https://example.com/images/recipe_287.jpg
288,Upma Type 28 Variation 288,"semolina, mustard seeds, vegetables, water","Roast semolina, sauté veggies, add water and cook until thick.",325,15,43,17,Indian,39,Easy,https://example.com/images/recipe_288.jpg
289,Upma Type 28 Variation 289,"semolina, mustard seeds, vegetables, water","Roast semolina, sauté veggies, add water and cook until thick.",326,29,53,32,Indian,36,Easy,https://example.com/images/recipe_289.jpg
290,Oatmeal with Berries Type 29 Variation 290,"oats, milk, blueberries, honey","Boil oats in milk, top with berries and honey.",503,55,27,15,International,60,Medium,https://example.com/images/recipe_290.jpg
291,Pancakes Type 29 Variation 291,"flour, milk, eggs, baking powder, syrup",Mix batter and cook circles on a griddle until bubbly.,536,37,14,26,International,20,Easy,https://example.com/images/recipe_291.jpg
292,Upma Type 29 Variation 292,"semolina, mustard seeds, vegetables, water","Roast semolina, sauté veggies, add water and cook until thick.",615,29,49,27,Indian,24,Hard,https://example.com/images/recipe_292.jpg
293,Poha Type 29 Variation 293,"flattened rice, onions, peanuts, curry leaves, turmeric","Sauté onions and spices, add soaked flattened rice and mix.",467,25,40,18,Indian,14,Easy,https://example.com/images/recipe_293.jpg
294,Upma Type 29 Variation 294,"semolina, mustard seeds, vegetables, water","Roast semolina, sauté veggies, add water and cook until thick.",269,24,24,6,Indian,28,Easy,https://example.com/images/recipe_294.jpg
295,Greek Yogurt Parfait Type 29 Variation 295,"greek yogurt, granola, strawberries","Layer yogurt, granola, and fruit in a glass.",576,19,37,36,International,53,Easy,https://example.com/images/recipe_295.jpg
296,Lentil Soup (Dal) Type 29 Variation 296,"yellow lentils, turmeric, cumin, garlic","Boil lentils with turmeric, temper with spices in oil.",399,28,32,28,Indian,20,Easy,https://example.com/images/recipe_296.jpg
297,Masala Omelette Type 29 Variation 297,"eggs, onions, green chili, coriander","Whisk eggs with veggies, cook on a hot pan with oil.",441,21,38,16,Indian,45,Medium,https://example.com/images/recipe_297.jpg
298,Avocado Toast Type 29 Variation 298,"bread, avocado, lemon juice, chili flakes","Toast bread, mash avocado with lemon, spread on toast.",555,23,33,25,International,52,Easy,https://example.com/images/recipe_298.jpg
299,Masala Omelette Type 29 Variation 299,"eggs, onions, green chili, coriander","Whisk eggs with veggies, cook on a hot pan with oil.",659,28,33,38,Indian,24,Medium,https://example.com/images/recipe_299.jpg
300,Upma Type 30 Variation 300,"semolina, mustard seeds, vegetables, water","Roast semolina, sauté veggies, add water and cook until thick.",592,24,38,26,Indian,42,Hard,https://example.com/images/recipe_300.jpg
301,Idli Sambhar Type 30 Variation 301,"rice, urad dal, lentils, tamarind, spices",Steam fermented batter and serve with lentil stew.,537,22,67,20,Indian,23,Medium,https://example.com/images/recipe_301.jpg
302,Butter Chicken Type 30 Variation 302,"chicken, butter, cream, tomato puree","Cook chicken in a rich, creamy tomato-based sauce.",296,19,28,5,Indian,29,Medium,https://example.com/images/recipe_302.jpg
303,Greek Yogurt Parfait Type 30 Variation 303,"greek yogurt, granola, strawberries","Layer yogurt, granola, and fruit in a glass.",680,23,46,31,International,46,Hard,https://example.com/images/recipe_303.jpg
304,Paneer Butter Masala Type 30 Variation 304,"paneer, tomato, butter, cream, onion","Heat oil. Add onions, tomatoes, and spices. Mix in paneer.",534,27,57,29,Indian,15,Easy,https://example.com/images/recipe_304.jpg
305,Beef Stir-Fry Type 30 Variation 305,"beef strips, broccoli, soy sauce, ginger",Flash fry beef and veggies in a hot wok with sauce.,419,31,64,16,International,10,Easy,https://example.com/images/recipe_305.jpg
306,Masala Omelette Type 30 Variation 306,"eggs, onions, green chili, coriander","Whisk eggs with veggies, cook on a hot pan with oil.",592,29,31,22,Indian,38,Easy,https://example.com/images/recipe_306.jpg
307,Chia Pudding Type 30 Variation 307,"chia seeds, almond milk, vanilla extract",Mix ingredients and refrigerate overnight.,404,51,19,27,International,38,Medium,https://example.com/images/recipe_307.jpg
308,Quinoa Salad Type 30 Variation 308,"quinoa, cucumber, bell pepper, lemon, olive oil",Cook quinoa and toss with chopped vegetables and dressing.,221,21,29,11,International,56,Easy,https://example.com/images/recipe_308.jpg
309,Idli Sambhar Type 30 Variation 309,"rice, urad dal, lentils, tamarind, spices",Steam fermented batter and serve with lentil stew.,489,18,37,24,Indian,47,Hard,https://example.com/images/recipe_309.jpg
310,Pancakes Type 31 Variation 310,"flour, milk, eggs, baking powder, syrup",Mix batter and cook circles on a griddle until bubbly.,641,33,33,40,International,12,Easy,https://example.com/images/recipe_310.jpg
311,Masala Omelette Type 31 Variation 311,"eggs, onions, green chili, coriander","Whisk eggs with veggies, cook on a hot pan with oil.",600,24,48,26,Indian,15,Easy,https://example.com/images/recipe_311.jpg
312,Pancakes Type 31 Variation 312,"flour, milk, eggs, baking powder, syrup",Mix batter and cook circles on a griddle until bubbly.,692,18,52,17,International,57,Medium,https://example.com/images/recipe_312.jpg
313,Idli Sambhar Type 31 Variation 313,"rice, urad dal, lentils, tamarind, spices",Steam fermented batter and serve with lentil stew.,259,22,18,9,Indian,51,Medium,https://example.com/images/recipe_313.jpg
314,Quinoa Salad Type 31 Variation 314,"quinoa, cucumber, bell pepper, lemon, olive oil",Cook quinoa and toss with chopped vegetables and dressing.,489,59,31,24,International,30,Easy,https://example.com/images/recipe_314.jpg
315,Palak Paneer Type 31 Variation 315,"spinach, paneer, garlic, cream","Blanch spinach, puree, and cook with paneer cubes.",426,25,47,21,Indian,18,Easy,https://example.com/images/recipe_315.jpg
316,Chickpea Curry Type 31 Variation 316,"chickpeas, onion, garlic, ginger, tomatoes","Sauté aromatics, add spices and chickpeas, simmer until thick.",225,25,10,11,Indian,43,Hard,https://example.com/images/recipe_316.jpg
317,Avocado Toast Type 31 Variation 317,"bread, avocado, lemon juice, chili flakes","Toast bread, mash avocado with lemon, spread on toast.",646,15,47,23,International,43,Medium,https://example.com/images/recipe_317.jpg
318,Avocado Toast Type 31 Variation 318,"bread, avocado, lemon juice, chili flakes","Toast bread, mash avocado with lemon, spread on toast.",652,32,46,27,International,17,Easy,https://example.com/images/recipe_318.jpg
319,Masala Omelette Type 31 Variation 319,"eggs, onions, green chili, coriander","Whisk eggs with veggies, cook on a hot pan with oil.",152,20,15,12,Indian,48,Easy,https://example.com/images/recipe_319.jpg
320,Avocado Toast Type 32 Variation 320,"bread, avocado, lemon juice, chili flakes","Toast bread, mash avocado with lemon, spread on toast.",190,25,30,11,International,16,Easy,https://example.com/images/recipe_320.jpg
321,Dhokla Type 32 Variation 321,"gram flour, lemon, mustard seeds",Steam fermented batter and temper with mustard seeds.,165,10,25,11,Indian,37,Medium,https://example.com/images/recipe_321.jpg
322,Masala Omelette Type 32 Variation 322,"eggs, onions, green chili, coriander","Whisk eggs with veggies, cook on a hot pan with oil.",361,31,70,15,Indian,11,Easy,https://example.com/images/recipe_322.jpg
323,Idli Sambhar Type 32 Variation 323,"rice, urad dal, lentils, tamarind, spices",Steam fermented batter and serve with lentil stew.,328,33,62,31,Indian,24,Medium,https://example.com/images/recipe_323.jpg
324,Pancakes Type 32 Variation 324,"flour, milk, eggs, baking powder, syrup",Mix batter and cook circles on a griddle until bubbly.,566,59,33,24,International,31,Hard,https://example.com/images/recipe_324.jpg
325,Masala Omelette Type 32 Variation 325,"eggs, onions, green chili, coriander","Whisk eggs with veggies, cook on a hot pan with oil.",480,27,70,40,Indian,46,Easy,https://example.com/images/recipe_325.jpg
326,Guacamole and Chips Type 32 Variation 326,"avocados, onion, lime, tortilla chips",Mash avocado and serve with corn chips.,148,9,24,10,International,19,Easy,https://example.com/images/recipe_326.jpg
327,Poha Type 32 Variation 327,"flattened rice, onions, peanuts, curry leaves, turmeric","Sauté onions and spices, add soaked flattened rice and mix.",423,27,63,17,Indian,55,Hard,https://example.com/images/recipe_327.jpg
328,Idli Sambhar Type 32 Variation 328,"rice, urad dal, lentils, tamarind, spices",Steam fermented batter and serve with lentil stew.,388,23,38,19,Indian,37,Medium,https://example.com/images/recipe_328.jpg
329,Paneer Butter Masala Type 32 Variation 329,"paneer, tomato, butter, cream, onion","Heat oil. Add onions, tomatoes, and spices. Mix in paneer.",334,23,30,12,Indian,60,Hard,https://example.com/images/recipe_329.jpg
330,Poha Type 33 Variation 330,"flattened rice, onions, peanuts, curry leaves, turmeric","Sauté onions and spices, add soaked flattened rice and mix.",515,53,27,17,Indian,60,Easy,https://example.com/images/recipe_330.jpg
331,Chickpea Curry Type 33 Variation 331,"chickpeas, onion, garlic, ginger, tomatoes","Sauté aromatics, add spices and chickpeas, simmer until thick.",448,23,58,21,Indian,21,Hard,https://example.com/images/recipe_331.jpg
332,Upma Type 33 Variation 332,"semolina, mustard seeds, vegetables, water","Roast semolina, sauté veggies, add water and cook until thick.",592,32,67,29,Indian,37,Easy,https://example.com/images/recipe_332.jpg
333,Upma Type 33 Variation 333,"semolina, mustard seeds, vegetables, water","Roast semolina, sauté veggies, add water and cook until thick.",590,59,38,21,Indian,17,Easy,https://example.com/images/recipe_333.jpg
334,Chickpea Curry Type 33 Variation 334,"chickpeas, onion, garlic, ginger, tomatoes","Sauté aromatics, add spices and chickpeas, simmer until thick.",433,27,67,31,Indian,21,Medium,https://example.com/images/recipe_334.jpg
335,Vegetable Tacos Type 33 Variation 335,"corn tortillas, black beans, corn, avocado","Warm tortillas and fill with beans, corn, and toppings.",373,27,50,31,International,25,Hard,https://example.com/images/recipe_335.jpg
336,Hummus and Carrot Sticks Type 33 Variation 336,"chickpeas, tahini, lemon, carrots",Blend chickpeas with tahini and serve with carrots.,163,5,25,10,International,34,Medium,https://example.com/images/recipe_336.jpg
337,Palak Paneer Type 33 Variation 337,"spinach, paneer, garlic, cream","Blanch spinach, puree, and cook with paneer cubes.",612,23,59,19,Indian,23,Hard,https://example.com/images/recipe_337.jpg
338,Stuffed Paratha Type 33 Variation 338,"whole wheat flour, potatoes/cauliflower, spices",Stuff dough with spiced filling and griddle with ghee.,309,33,47,32,Indian,19,Easy,https://example.com/images/recipe_338.jpg
339,Upma Type 33 Variation 339,"semolina, mustard seeds, vegetables, water","Roast semolina, sauté veggies, add water and cook until thick.",409,25,41,33,Indian,59,Easy,https://example.com/images/recipe_339.jpg
340,Oatmeal with Berries Type 34 Variation 340,"oats, milk, blueberries, honey","Boil oats in milk, top with berries and honey.",188,25,30,10,International,26,Easy,https://example.com/images/recipe_340.jpg
341,Masala Omelette Type 34 Variation 341,"eggs, onions, green chili, coriander","Whisk eggs with veggies, cook on a hot pan with oil.",393,19,33,22,Indian,42,Medium,https://example.com/images/recipe_341.jpg
342,Oatmeal with Berries Type 34 Variation 342,"oats, milk, blueberries, honey","Boil oats in milk, top with berries and honey.",221,24,26,12,International,26,Easy,https://example.com/images/recipe_342.jpg
343,Hummus and Carrot Sticks Type 34 Variation 343,"chickpeas, tahini, lemon, carrots",Blend chickpeas with tahini and serve with carrots.,117,7,20,14,International,25,Medium,https://example.com/images/recipe_343.jpg
344,Masala Omelette Type 34 Variation 344,"eggs, onions, green chili, coriander","Whisk eggs with veggies, cook on a hot pan with oil.",589,32,48,25,Indian,52,Easy,https://example.com/images/recipe_344.jpg
345,Chicken Tikka Masala Type 34 Variation 345,"chicken, yogurt, tomato, garam masala","Marinate chicken, grill, and simmer in tomato gravy.",527,57,28,16,Indian,16,Easy,https://example.com/images/recipe_345.jpg
346,Beef Stir-Fry Type 34 Variation 346,"beef strips, broccoli, soy sauce, ginger",Flash fry beef and veggies in a hot wok with sauce.,408,27,66,19,International,24,Hard,https://example.com/images/recipe_346.jpg
347,Idli Sambhar Type 34 Variation 347,"rice, urad dal, lentils, tamarind, spices",Steam fermented batter and serve with lentil stew.,356,23,46,19,Indian,21,Easy,https://example.com/images/recipe_347.jpg
348,Chickpea Curry Type 34 Variation 348,"chickpeas, onion, garlic, ginger, tomatoes","Sauté aromatics, add spices and chickpeas, simmer until thick.",684,23,42,28,Indian,30,Medium,https://example.com/images/recipe_348.jpg
349,Dhokla Type 34 Variation 349,"gram flour, lemon, mustard seeds",Steam fermented batter and temper with mustard seeds.,168,7,17,7,Indian,33,Medium,https://example.com/images/recipe_349.jpg
350,Idli Sambhar Type 35 Variation 350,"rice, urad dal, lentils, tamarind, spices",Steam fermented batter and serve with lentil stew.,323,17,22,11,Indian,37,Medium,https://example.com/images/recipe_350.jpg
351,Avocado Toast Type 35 Variation 351,"bread, avocado, lemon juice, chili flakes","Toast bread, mash avocado with lemon, spread on toast.",592,35,43,30,International,22,Easy,https://example.com/images/recipe_351.jpg
352,Masala Omelette Type 35 Variation 352,"eggs, onions, green chili, coriander","Whisk eggs with veggies, cook on a hot pan with oil.",272,12,29,7,Indian,43,Easy,https://example.com/images/recipe_352.jpg
353,Quinoa Salad Type 35 Variation 353,"quinoa, cucumber, bell pepper, lemon, olive oil",Cook quinoa and toss with chopped vegetables and dressing.,529,38,29,30,International,16,Easy,https://example.com/images/recipe_353.jpg
354,Masala Omelette Type 35 Variation 354,"eggs, onions, green chili, coriander","Whisk eggs with veggies, cook on a hot pan with oil.",531,15,43,19,Indian,22,Medium,https://example.com/images/recipe_354.jpg
355,Chicken Tikka Masala Type 35 Variation 355,"chicken, yogurt, tomato, garam masala","Marinate chicken, grill, and simmer in tomato gravy.",446,53,15,26,Indian,45,Hard,https://example.com/images/recipe_355.jpg
356,Oatmeal with Berries Type 35 Variation 356,"oats, milk, blueberries, honey","Boil oats in milk, top with berries and honey.",168,13,13,12,International,48,Easy,https://example.com/images/recipe_356.jpg
357,Chia Pudding Type 35 Variation 357,"chia seeds, almond milk, vanilla extract",Mix ingredients and refrigerate overnight.,235,19,16,11,International,29,Medium,https://example.com/images/recipe_357.jpg
358,Chicken Tikka Masala Type 35 Variation 358,"chicken, yogurt, tomato, garam masala","Marinate chicken, grill, and simmer in tomato gravy.",497,24,52,25,Indian,24,Easy,https://example.com/images/recipe_358.jpg
359,Lentil Soup (Dal) Type 35 Variation 359,"yellow lentils, turmeric, cumin, garlic","Boil lentils with turmeric, temper with spices in oil.",360,23,54,32,Indian,26,Hard,https://example.com/images/recipe_359.jpg
360,Pancakes Type 36 Variation 360,"flour, milk, eggs, baking powder, syrup",Mix batter and cook circles on a griddle until bubbly.,549,48,16,18,International,33,Medium,https://example.com/images/recipe_360.jpg
361,Avocado Toast Type 36 Variation 361,"bread, avocado, lemon juice, chili flakes","Toast bread, mash avocado with lemon, spread on toast.",434,35,51,24,International,48,Hard,https://example.com/images/recipe_361.jpg
362,Upma Type 36 Variation 362,"semolina, mustard seeds, vegetables, water","Roast semolina, sauté veggies, add water and cook until thick.",252,14,12,8,Indian,38,Medium,https://example.com/images/recipe_362.jpg
363,Greek Yogurt Parfait Type 36 Variation 363,"greek yogurt, granola, strawberries","Layer yogurt, granola, and fruit in a glass.",313,22,18,5,International,15,Easy,https://example.com/images/recipe_363.jpg
364,Paneer Butter Masala Type 36 Variation 364,"paneer, tomato, butter, cream, onion","Heat oil. Add onions, tomatoes, and spices. Mix in paneer.",425,32,65,15,Indian,12,Easy,https://example.com/images/recipe_364.jpg
365,Palak Paneer Type 36 Variation 365,"spinach, paneer, garlic, cream","Blanch spinach, puree, and cook with paneer cubes.",591,29,49,21,Indian,17,Easy,https://example.com/images/recipe_365.jpg
366,Chicken Tikka Masala Type 36 Variation 366,"chicken, yogurt, tomato, garam masala","Marinate chicken, grill, and simmer in tomato gravy.",248,14,24,11,Indian,36,Hard,https://example.com/images/recipe_366.jpg
367,Stuffed Paratha Type 36 Variation 367,"whole wheat flour, potatoes/cauliflower, spices",Stuff dough with spiced filling and griddle with ghee.,531,51,27,21,Indian,46,Medium,https://example.com/images/recipe_367.jpg
368,Masala Omelette Type 36 Variation 368,"eggs, onions, green chili, coriander","Whisk eggs with veggies, cook on a hot pan with oil.",499,15,51,26,Indian,39,Easy,https://example.com/images/recipe_368.jpg
369,Upma Type 36 Variation 369,"semolina, mustard seeds, vegetables, water","Roast semolina, sauté veggies, add water and cook until thick.",166,21,27,12,Indian,44,Hard,https://example.com/images/recipe_369.jpg
370,Spaghetti Carbonara Type 37 Variation 370,"pasta, eggs, guanciale, pecorino cheese",Boil pasta. Mix egg and cheese. Toss with hot pasta and meat.,531,36,35,23,International,17,Easy,https://example.com/images/recipe_370.jpg
371,Stuffed Paratha Type 37 Variation 371,"whole wheat flour, potatoes/cauliflower, spices",Stuff dough with spiced filling and griddle with ghee.,280,14,18,8,Indian,40,Hard,https://example.com/images/recipe_371.jpg
372,Butter Chicken Type 37 Variation 372,"chicken, butter, cream, tomato puree","Cook chicken in a rich, creamy tomato-based sauce.",429,31,68,25,Indian,11,Easy,https://example.com/images/recipe_372.jpg
373,Stuffed Paratha Type 37 Variation 373,"whole wheat flour, potatoes/cauliflower, spices",Stuff dough with spiced filling and griddle with ghee.,435,20,63,15,Indian,50,Easy,https://example.com/images/recipe_373.jpg
374,Masala Omelette Type 37 Variation 374,"eggs, onions, green chili, coriander","Whisk eggs with veggies, cook on a hot pan with oil.",543,31,62,34,Indian,37,Medium,https://example.com/images/recipe_374.jpg
375,Oatmeal with Berries Type 37 Variation 375,"oats, milk, blueberries, honey","Boil oats in milk, top with berries and honey.",532,60,32,18,International,54,Easy,https://example.com/images/recipe_375.jpg
376,Bruschetta Type 37 Variation 376,"baguette, tomatoes, garlic, basil",Toast bread and top with chopped tomato mixture.,234,4,30,5,International,37,Medium,https://example.com/images/recipe_376.jpg
377,Samosa Type 37 Variation 377,"flour, potatoes, peas, spices","Fold pastry into triangles, fill, and deep fry.",232,2,18,12,Indian,16,Easy,https://example.com/images/recipe_377.jpg
378,Poha Type 37 Variation 378,"flattened rice, onions, peanuts, curry leaves, turmeric","Sauté onions and spices, add soaked flattened rice and mix.",472,15,56,21,Indian,27,Easy,https://example.com/images/recipe_378.jpg
379,Poha Type 37 Variation 379,"flattened rice, onions, peanuts, curry leaves, turmeric","Sauté onions and spices, add soaked flattened rice and mix.",205,22,29,12,Indian,25,Easy,https://example.com/images/recipe_379.jpg
380,Hummus and Carrot Sticks Type 38 Variation 380,"chickpeas, tahini, lemon, carrots",Blend chickpeas with tahini and serve with carrots.,210,9,19,14,International,17,Easy,https://example.com/images/recipe_380.jpg
381,Stuffed Paratha Type 38 Variation 381,"whole wheat flour, potatoes/cauliflower, spices",Stuff dough with spiced filling and griddle with ghee.,478,21,56,16,Indian,59,Hard,https://example.com/images/recipe_381.jpg
382,Chicken Tikka Masala Type 38 Variation 382,"chicken, yogurt, tomato, garam masala","Marinate chicken, grill, and simmer in tomato gravy.",315,20,11,9,Indian,30,Medium,https://example.com/images/recipe_382.jpg
383,Masala Omelette Type 38 Variation 383,"eggs, onions, green chili, coriander","Whisk eggs with veggies, cook on a hot pan with oil.",584,24,54,37,Indian,18,Easy,https://example.com/images/recipe_383.jpg
384,Lentil Soup (Dal) Type 38 Variation 384,"yellow lentils, turmeric, cumin, garlic","Boil lentils with turmeric, temper with spices in oil.",407,27,56,21,Indian,26,Medium,https://example.com/images/recipe_384.jpg
385,Avocado Toast Type 38 Variation 385,"bread, avocado, lemon juice, chili flakes","Toast bread, mash avocado with lemon, spread on toast.",653,31,41,25,International,27,Easy,https://example.com/images/recipe_385.jpg
386,Stuffed Paratha Type 38 Variation 386,"whole wheat flour, potatoes/cauliflower, spices",Stuff dough with spiced filling and griddle with ghee.,431,18,38,16,Indian,52,Easy,https://example.com/images/recipe_386.jpg
387,Bhel Puri Type 38 Variation 387,"puffed rice, tamarind chutney, onions",Mix all ingredients together and serve immediately.,201,5,29,8,Indian,31,Medium,https://example.com/images/recipe_387.jpg
388,Samosa Type 38 Variation 388,"flour, potatoes, peas, spices","Fold pastry into triangles, fill, and deep fry.",210,3,30,10,Indian,23,Hard,https://example.com/images/recipe_388.jpg
389,Upma Type 38 Variation 389,"semolina, mustard seeds, vegetables, water","Roast semolina, sauté veggies, add water and cook until thick.",310,14,24,11,Indian,16,Easy,https://example.com/images/recipe_389.jpg
390,Quinoa Salad Type 39 Variation 390,"quinoa, cucumber, bell pepper, lemon, olive oil",Cook quinoa and toss with chopped vegetables and dressing.,678,29,63,26,International,15,Easy,https://example.com/images/recipe_390.jpg
391,Oatmeal with Berries Type 39 Variation 391,"oats, milk, blueberries, honey","Boil oats in milk, top with berries and honey.",369,21,44,34,International,22,Hard,https://example.com/images/recipe_391.jpg
392,Upma Type 39 Variation 392,"semolina, mustard seeds, vegetables, water","Roast semolina, sauté veggies, add water and cook until thick.",227,24,20,10,Indian,43,Medium,https://example.com/images/recipe_392.jpg
393,Poha Type 39 Variation 393,"flattened rice, onions, peanuts, curry leaves, turmeric","Sauté onions and spices, add soaked flattened rice and mix.",634,34,69,20,Indian,43,Hard,https://example.com/images/recipe_393.jpg
394,Lentil Soup (Dal) Type 39 Variation 394,"yellow lentils, turmeric, cumin, garlic","Boil lentils with turmeric, temper with spices in oil.",535,50,29,26,Indian,50,Medium,https://example.com/images/recipe_394.jpg
395,Hummus and Carrot Sticks Type 39 Variation 395,"chickpeas, tahini, lemon, carrots",Blend chickpeas with tahini and serve with carrots.,193,9,26,15,International,37,Easy,https://example.com/images/recipe_395.jpg
396,Avocado Toast Type 39 Variation 396,"bread, avocado, lemon juice, chili flakes","Toast bread, mash avocado with lemon, spread on toast.",424,30,56,25,International,16,Easy,https://example.com/images/recipe_396.jpg
397,Oatmeal with Berries Type 39 Variation 397,"oats, milk, blueberries, honey","Boil oats in milk, top with berries and honey.",510,20,66,35,International,20,Hard,https://example.com/images/recipe_397.jpg
398,Chia Pudding Type 39 Variation 398,"chia seeds, almond milk, vanilla extract",Mix ingredients and refrigerate overnight.,458,18,32,39,International,16,Easy,https://example.com/images/recipe_398.jpg
399,Poha Type 39 Variation 399,"flattened rice, onions, peanuts, curry leaves, turmeric","Sauté onions and spices, add soaked flattened rice and mix.",487,35,54,23,Indian,20,Easy,https://example.com/images/recipe_399.jpg
400,Poha Type 40 Variation 400,"flattened rice, onions, peanuts, curry leaves, turmeric","Sauté onions and spices, add soaked flattened rice and mix.",625,34,39,25,Indian,10,Easy,https://example.com/images/recipe_400.jpg
